timestamp,target pos (1),pos (1),speed (1),load (1),current (1),temp (1),status (1),moving (1),target pos (2),pos (2),speed (2),load (2),current (2),temp (2),status (2),moving (2),target pos (3),pos (3),speed (3),load (3),current (3),temp (3),status (3),moving (3),target pos (4),pos (4),speed (4),load (4),current (4),temp (4),status (4),moving (4)
2025-11-12T09:57:34.017Z,1947,,,,,,,,2147,,,,,,,,1747,,,,,,,,2347,,,,,,,
2025-11-12T09:57:34.118Z,1947,2040,32818,124,1,34,0,1,2147,2055,100,1098,1,38,0,1,1747,1748,0,8,0,33,0,0,2347,2347,0,0,0,33,0,0
2025-11-12T09:57:34.220Z,1947,2007,33068,145,4,34,0,1,2147,2086,300,1152,1,38,0,1,1747,1748,0,8,0,33,0,0,2347,2347,0,0,0,33,0,0
2025-11-12T09:57:34.320Z,1947,1969,33118,112,3,34,0,1,2147,2125,350,1111,1,38,0,1,1747,1748,0,8,0,33,0,0,2347,2347,0,0,0,33,0,0
2025-11-12T09:57:34.421Z,1947,1949,32868,37,0,34,0,1,2147,2144,150,1061,0,38,0,1,1747,1748,0,8,0,33,0,0,2347,2347,0,0,0,33,0,0
2025-11-12T09:57:34.522Z,1947,1948,0,28,0,34,0,0,2147,2146,50,1048,1,38,0,0,1747,1748,0,8,0,33,0,0,2347,2347,0,0,0,33,0,0
2025-11-12T09:57:34.623Z,1947,1948,0,28,0,34,0,0,2147,2146,0,1052,1,38,0,0,1747,1748,0,8,0,33,0,0,2347,2347,0,0,0,33,0,0
2025-11-12T09:57:34.723Z,1947,1948,0,28,0,34,0,0,2147,2146,0,1052,0,38,0,0,1747,1748,0,8,0,35,0,0,2347,2347,0,0,0,33,0,0
2025-11-12T09:57:34.824Z,1947,1948,0,28,0,34,0,0,2147,2146,0,1052,1,38,0,0,1747,1748,0,8,0,33,0,0,2347,2347,0,0,0,33,0,0
2025-11-12T09:57:34.924Z,2047,1948,0,28,1,34,0,0,2147,2146,0,1052,1,38,0,0,1747,1748,0,8,0,33,0,0,2347,2347,0,0,0,33,0,0
2025-11-12T09:57:35.025Z,2047,1948,0,28,0,34,0,1,2047,2146,0,0,1,39,0,0,1747,1748,0,8,0,33,0,0,2347,2347,0,0,0,33,0,0
2025-11-12T09:57:35.126Z,2047,1952,50,1189,3,34,0,1,2047,2141,32868,153,4,38,0,1,1747,1748,0,8,0,33,0,0,2347,2347,0,0,0,33,0,0
2025-11-12T09:57:35.227Z,2047,1989,400,1173,3,34,0,1,2047,2104,33118,136,3,38,0,1,1747,1748,0,8,0,33,0,0,2347,2347,0,0,0,33,0,0
2025-11-12T09:57:35.328Z,2047,2027,350,1111,2,34,0,1,2047,2067,33068,87,0,38,0,1,1747,1748,0,8,0,33,0,0,2347,2347,0,0,0,33,0,0
2025-11-12T09:57:35.428Z,2047,2045,100,1061,0,34,0,1,2047,2048,32868,20,0,38,0,1,1747,1748,0,8,0,33,0,0,2347,2347,0,0,0,33,0,0
2025-11-12T09:57:35.529Z,2047,2047,0,0,0,34,0,0,2047,2047,0,0,0,38,0,0,1747,1748,0,8,0,33,0,0,2347,2347,0,0,0,33,0,0
2025-11-12T09:57:35.630Z,2047,2047,0,0,0,34,0,0,2047,2047,0,0,0,38,0,0,1747,1748,0,8,0,33,0,0,2347,2347,0,0,0,33,0,0
2025-11-12T09:57:35.731Z,2047,2047,0,0,0,34,0,0,2047,2047,0,0,0,38,0,0,1747,1748,0,8,0,33,0,0,2347,2347,0,0,0,33,0,0
2025-11-12T09:57:35.832Z,2047,2047,0,0,0,34,0,0,2047,2047,0,0,0,38,0,0,1747,1748,0,8,0,34,0,0,2347,2347,0,0,0,33,0,0
2025-11-12T09:57:35.932Z,2047,2047,0,0,0,34,0,0,2047,2047,0,0,0,38,0,0,1747,1748,0,8,0,33,0,0,2347,2347,0,0,0,33,0,0
2025-11-12T09:57:36.033Z,2047,2047,0,0,0,34,0,0,2047,2047,0,0,0,38,0,0,1747,1748,0,8,0,33,0,0,1847,2347,50,12,0,33,0,1
2025-11-12T09:57:36.133Z,2047,2047,0,0,0,34,0,0,2047,2047,0,0,0,38,0,0,1747,1748,0,8,0,33,0,0,1847,2297,33618,241,22,33,0,1
2025-11-12T09:57:36.234Z,2047,2047,0,0,0,34,0,0,2047,2046,0,1056,0,38,0,0,1747,1748,0,8,0,33,0,0,1847,2126,34868,475,54,33,0,1
2025-11-12T09:57:36.334Z,2047,2048,0,28,0,34,0,0,2047,2045,0,1065,1,38,0,0,1747,1748,0,8,0,33,0,0,1847,1926,34318,258,30,33,0,1
2025-11-12T09:57:36.434Z,2047,2048,0,28,1,34,0,0,2047,2045,0,1065,1,38,0,0,1747,1748,0,8,0,33,0,0,1847,1850,33168,37,2,33,0,1
2025-11-12T09:57:36.535Z,2047,2049,0,41,0,34,0,0,2047,2045,0,1065,0,38,0,0,1747,1748,0,8,0,33,0,0,2347,1850,0,37,2,33,0,0
2025-11-12T09:57:36.636Z,2047,2048,32818,24,0,34,0,0,2047,2044,0,1077,1,38,0,0,1747,1748,0,8,0,33,0,0,2347,1897,850,1228,14,33,0,1
2025-11-12T09:57:36.737Z,2047,2048,0,28,1,34,0,0,2047,2044,0,1077,1,38,0,0,1747,1748,0,8,0,33,0,0,2347,2069,1950,1474,42,33,0,1
2025-11-12T09:57:36.837Z,2047,2048,0,28,1,34,0,0,2047,2045,0,1065,1,38,0,0,1747,1748,0,8,0,33,0,0,2347,2269,1700,1257,19,33,0,1
2025-11-12T09:57:36.938Z,2047,2048,0,28,1,34,0,0,2047,2046,0,1052,0,38,0,0,1747,1748,0,8,0,33,0,0,2347,2345,500,1049,1,33,0,1
2025-11-12T09:57:37.039Z,2047,2048,0,28,0,34,0,0,2047,2046,0,1052,1,38,0,0,1747,1748,0,8,0,33,0,0,2347,2347,0,0,0,33,0,0
2025-11-12T09:57:37.140Z,2047,2048,0,28,1,34,0,0,2047,2046,0,1052,0,38,0,0,1747,1748,0,8,0,33,0,0,2347,2347,0,0,0,33,0,0
2025-11-12T09:57:37.241Z,2047,2048,0,28,1,34,0,0,2047,2046,0,1052,1,38,0,0,1747,1748,0,8,0,33,0,0,2347,2347,0,0,0,33,0,0
2025-11-12T09:57:37.342Z,2047,2048,0,28,0,35,0,0,2047,2046,0,1052,1,38,0,0,1747,1748,0,8,0,33,0,0,2347,2346,32818,1036,0,34,0,0
2025-11-12T09:57:37.443Z,2047,2048,0,28,1,34,0,0,2047,2046,0,1052,0,38,0,0,2247,1748,0,8,0,33,0,0,2347,2347,0,0,0,33,0,0
2025-11-12T09:57:37.544Z,2047,2048,0,28,0,34,0,0,2047,2046,0,1052,0,38,0,0,2247,1748,0,0,0,33,0,1,2347,2347,0,0,0,33,0,0
2025-11-12T09:57:37.645Z,2047,2048,0,28,1,34,0,0,2047,2046,0,1052,0,38,0,0,2247,1803,900,1256,26,33,0,1,2347,2346,32818,1036,0,33,0,0
2025-11-12T09:57:37.745Z,2047,2042,33018,1122,3,34,0,0,2047,2053,32818,119,3,38,0,0,2247,1979,2100,1472,48,33,0,1,2347,2347,0,0,0,33,0,0
2025-11-12T09:57:37.846Z,2047,2046,0,1052,1,34,0,0,2047,2048,0,28,0,38,0,0,2247,2169,1550,1284,36,33,0,1,2347,2346,0,1036,0,33,0,0
2025-11-12T09:57:37.947Z,2047,2046,0,1052,1,34,0,0,2047,2048,0,28,1,38,0,0,1747,2240,400,1080,5,33,0,1,2347,2347,0,0,0,33,0,0
2025-11-12T09:57:38.047Z,2047,2046,0,1052,0,34,0,0,2047,2048,0,28,0,38,0,0,1747,2241,0,1048,1,33,0,1,2347,2347,0,0,0,33,0,0
2025-11-12T09:57:38.148Z,2047,2046,0,1052,1,34,0,0,2047,2048,0,28,0,38,0,0,1747,2185,33618,216,26,33,0,1,2347,2346,32818,1036,0,33,0,0
2025-11-12T09:57:38.249Z,2047,2046,0,1052,0,34,0,0,2047,2048,0,28,1,38,0,0,1747,2006,34818,424,35,33,0,1,2347,2347,0,0,0,33,0,0
2025-11-12T09:57:38.349Z,2047,2046,0,1052,1,34,0,0,2047,2047,0,0,0,38,0,0,1747,1818,34168,232,20,33,0,1,2347,2347,0,0,0,33,0,0
2025-11-12T09:57:38.450Z,2047,2046,0,1052,1,34,0,0,2047,2047,0,0,1,38,0,0,1747,1749,32968,16,0,33,0,1,2347,2347,0,0,0,33,0,0
2025-11-12T09:57:38.552Z,2047,2046,0,1052,0,34,0,0,2047,2047,0,0,0,38,0,0,1747,1748,0,8,0,33,0,0,2347,2346,32818,1036,0,33,0,0
2025-11-12T09:57:38.652Z,2047,2047,0,0,0,34,0,0,2047,2047,0,0,0,38,0,0,1747,1748,0,8,0,33,0,0,2347,2347,0,0,0,33,0,0
2025-11-12T09:57:38.753Z,2047,2047,0,0,0,34,0,0,2047,2047,0,0,0,38,0,0,1747,1748,0,8,0,33,0,0,2347,2347,0,0,0,33,0,0
2025-11-12T09:57:38.854Z,2047,2047,0,0,0,34,0,0,2047,2047,0,0,0,38,0,0,1747,1748,0,8,0,33,0,0,2347,2347,0,0,0,33,0,0
2025-11-12T09:57:38.955Z,2047,2047,0,0,0,34,0,0,2047,2047,0,0,0,38,0,0,1747,1748,0,8,0,33,0,0,1847,2347,0,0,0,33,0,0
2025-11-12T09:57:39.055Z,2047,2047,0,0,0,34,0,0,2047,2047,0,0,0,38,0,0,1747,1748,0,8,0,33,0,0,1847,2346,0,37,2,33,0,1
2025-11-12T09:57:39.155Z,2047,2047,0,0,0,34,0,0,2047,2047,0,0,0,38,0,0,1747,1748,0,8,0,33,0,0,1847,2273,33768,291,28,33,0,1
2025-11-12T09:57:39.255Z,2047,2053,300,115,3,35,0,0,2047,2042,33068,1102,1,38,0,0,1747,1748,0,8,0,33,0,0,1847,2082,34968,479,35,34,0,1
2025-11-12T09:57:39.356Z,2047,2048,0,28,1,34,0,0,2047,2045,0,1065,1,38,0,0,1747,1748,0,8,0,33,0,0,1847,1904,34218,237,30,33,0,1
2025-11-12T09:57:39.457Z,2047,2048,0,28,1,34,0,0,2047,2045,0,1065,1,38,0,0,1747,1748,0,8,0,33,0,0,2347,1850,33018,37,2,33,0,1
2025-11-12T09:57:39.558Z,2047,2048,0,28,1,34,0,0,2047,2045,0,1065,1,38,0,0,1747,1748,0,8,0,33,0,0,2347,1850,0,12,0,33,0,1
2025-11-12T09:57:39.659Z,2047,2048,0,28,0,34,0,0,2047,2045,0,1065,1,38,0,0,1747,1748,0,8,0,33,0,0,2347,1917,1100,1278,20,33,0,1
2025-11-12T09:57:39.759Z,2047,2048,0,28,1,34,0,0,2047,2046,50,1052,1,38,0,0,1747,1748,0,8,0,33,0,0,2347,2110,2350,1445,31,33,0,1
2025-11-12T09:57:39.860Z,2047,2048,0,28,1,34,0,0,2047,2046,0,1052,1,38,0,0,1747,1748,0,8,0,33,0,0,2347,2288,1350,1236,17,34,0,1
2025-11-12T09:57:39.961Z,2047,2048,0,28,0,34,0,0,2047,2047,0,0,0,38,0,0,1747,1748,0,8,0,33,0,0,2347,2347,150,0,0,33,0,1
2025-11-12T09:57:40.062Z,2047,2048,0,28,0,34,0,0,2047,2047,0,0,0,38,0,0,1747,1748,0,8,0,33,0,0,2347,2347,0,0,0,34,0,0
2025-11-12T09:57:40.163Z,2047,2048,0,28,0,34,0,0,2047,2047,0,0,0,38,0,0,1747,1748,0,8,0,33,0,0,2347,2347,0,0,0,33,0,0
2025-11-12T09:57:40.263Z,2047,2048,0,28,1,34,0,0,2047,2047,0,0,0,38,0,0,1747,1748,0,8,0,33,0,0,2347,2347,0,0,0,33,0,0
2025-11-12T09:57:40.366Z,2047,2048,0,28,0,34,0,0,2047,2047,0,0,0,38,0,0,1747,1748,0,8,0,33,0,0,2347,2347,0,0,0,34,0,0
2025-11-12T09:57:40.466Z,2147,2048,0,28,1,34,0,0,1947,2047,0,0,0,38,0,0,1747,1748,0,8,0,33,0,0,2347,2347,0,0,0,33,0,0
2025-11-12T09:57:40.567Z,2147,2048,0,1069,0,34,0,1,1947,2047,0,74,2,38,0,1,1747,1748,0,8,0,33,0,0,2347,2347,0,0,0,33,0,0
2025-11-12T09:57:40.668Z,2147,2068,400,1123,1,34,0,1,1947,2024,33218,70,0,38,0,1,1747,1748,0,8,0,33,0,0,2347,2347,0,0,0,33,0,0
2025-11-12T09:57:40.769Z,2147,2106,450,1144,2,34,0,1,1947,1987,33218,112,0,38,0,1,1747,1748,0,8,0,33,0,0,2347,2347,0,0,0,33,0,0
2025-11-12T09:57:40.869Z,2147,2136,200,1098,1,34,0,1,1947,1956,32968,66,1,38,0,1,1747,1748,0,8,0,33,0,0,2347,2347,0,0,0,33,0,0
2025-11-12T09:57:40.970Z,2147,2146,50,1048,0,34,0,1,1947,1947,0,0,0,38,0,0,1747,1748,0,8,0,33,0,0,2347,2347,50,0,0,33,0,0
2025-11-12T09:57:41.071Z,2147,2146,0,1052,1,34,0,0,1947,1947,0,0,0,38,0,0,1747,1748,0,8,0,33,0,0,2347,2347,0,0,0,33,0,0
2025-11-12T09:57:41.172Z,2147,2146,0,1052,1,34,0,0,1947,1947,0,0,0,38,0,0,1747,1748,0,8,0,33,0,0,2347,2347,0,0,0,33,0,0
2025-11-12T09:57:41.273Z,2147,2146,0,1052,0,34,0,0,1947,1947,0,0,0,38,0,0,1747,1748,0,8,0,33,0,0,2347,2347,0,0,1,34,0,0
2025-11-12T09:57:41.374Z,2147,2146,0,1052,1,34,0,0,1947,1947,0,0,0,38,0,0,1747,1748,0,8,0,33,0,0,2347,2347,0,0,0,33,0,0
2025-11-12T09:57:41.476Z,2047,2146,0,1052,0,34,0,0,2047,1947,0,0,0,38,0,0,1747,1748,0,8,0,33,0,0,2347,2347,0,0,0,33,0,0
2025-11-12T09:57:41.576Z,2047,2146,0,74,2,34,0,1,2047,1948,0,1085,2,38,0,1,1747,1748,0,8,0,33,0,0,2347,2347,0,0,0,34,0,0
2025-11-12T09:57:41.676Z,2047,2124,33118,104,1,34,0,1,2047,1971,400,1106,1,38,0,1,1747,1748,0,8,0,33,0,0,2347,2347,0,0,0,34,0,0
2025-11-12T09:57:41.776Z,2047,2086,33168,137,2,34,0,1,2047,2008,400,1140,1,38,0,1,1747,1748,0,8,0,33,0,0,2347,2347,0,0,0,33,0,0
2025-11-12T09:57:41.877Z,2047,2056,33018,74,1,34,0,1,2047,2038,250,1073,0,38,0,1,1747,1748,0,8,0,33,0,0,2347,2347,0,0,0,33,0,0
2025-11-12T09:57:41.978Z,2047,2048,0,28,0,34,0,0,2047,2047,0,20,0,38,0,0,1747,1748,0,8,0,33,0,0,2347,2347,0,0,0,33,0,0
2025-11-12T09:57:42.079Z,2047,2048,0,28,1,34,0,0,2047,2047,0,0,0,38,0,0,1747,1748,0,8,0,33,0,0,2347,2347,0,0,0,34,0,0
2025-11-12T09:57:42.181Z,2047,2048,0,28,0,34,0,0,2047,2047,0,0,0,38,0,0,1747,1748,0,8,0,33,0,0,2347,2347,0,0,0,33,0,0
2025-11-12T09:57:42.282Z,2047,2048,0,28,0,34,0,0,2047,2047,0,0,0,38,0,0,1747,1748,0,8,0,33,0,0,2347,2347,0,0,0,34,0,0
2025-11-12T09:57:42.382Z,2047,2048,0,28,1,34,0,0,2047,2047,0,0,0,38,0,0,1747,1748,0,8,0,33,0,0,2347,2347,0,0,0,33,0,0
2025-11-12T09:57:42.483Z,2047,2048,0,28,1,34,0,0,2047,2047,0,0,0,38,0,0,2247,1748,0,8,0,33,0,0,2347,2347,0,0,0,33,0,0
2025-11-12T09:57:42.583Z,2047,2048,0,28,1,35,0,0,2047,2047,0,0,0,38,0,0,2247,1750,50,1136,12,33,0,1,2347,2347,0,0,0,33,0,0
2025-11-12T09:57:42.684Z,2047,2048,0,28,0,34,0,0,2047,2047,0,0,0,38,0,0,2247,1853,1300,1336,34,33,0,1,2347,2347,0,0,0,33,0,0
2025-11-12T09:57:42.785Z,2047,2047,0,0,0,34,0,0,2047,2047,0,0,0,38,0,0,2247,2060,2250,1416,36,33,0,1,2347,2347,0,0,0,33,0,0
2025-11-12T09:57:42.886Z,2047,2045,32818,1065,0,34,0,0,2047,2048,0,28,0,38,0,0,2247,2208,1000,1204,27,33,0,1,2347,2347,0,0,0,33,0,0
2025-11-12T09:57:42.987Z,2047,2045,0,1065,0,34,0,0,2047,2048,0,28,1,38,0,0,1747,2241,0,1072,4,33,0,0,2347,2347,0,0,0,33,0,0
2025-11-12T09:57:43.087Z,2047,2045,0,1065,1,34,0,0,2047,2048,0,28,1,38,0,0,1747,2237,32918,60,5,33,0,1,2347,2347,0,0,0,33,0,0
2025-11-12T09:57:43.188Z,2047,2045,0,1065,1,34,0,0,2047,2048,0,28,1,38,0,0,1747,2138,34168,296,24,33,0,1,2347,2347,0,0,0,34,0,0
2025-11-12T09:57:43.289Z,2047,2046,0,1052,1,34,0,0,2047,2048,0,28,1,38,0,0,1747,1931,34968,376,29,33,0,1,2347,2347,0,0,0,33,0,0
2025-11-12T09:57:43.390Z,2047,2046,0,1052,0,34,0,0,2047,2047,0,0,0,38,0,0,1747,1780,33868,140,13,33,0,1,2347,2347,0,0,0,33,0,0
2025-11-12T09:57:43.490Z,2047,2047,0,0,0,34,0,0,2047,2047,0,0,0,38,0,0,1747,1748,32818,8,0,33,0,1,2347,2347,0,0,0,33,0,0
2025-11-12T09:57:43.590Z,2047,2047,0,0,0,34,0,0,2047,2047,0,0,0,38,0,0,1747,1748,0,8,0,33,0,0,2347,2347,0,0,0,33,0,0
2025-11-12T09:57:43.692Z,2047,2047,0,0,0,34,0,0,2047,2047,0,0,0,38,0,0,1747,1748,0,8,0,33,0,0,2347,2347,0,0,0,34,0,0
2025-11-12T09:57:43.792Z,2047,2047,0,0,0,34,0,0,2047,2047,0,0,0,38,0,0,1747,1748,0,8,0,33,0,0,2347,2346,32818,1036,0,33,0,0
2025-11-12T09:57:43.893Z,2047,2047,0,0,0,34,0,0,2047,2047,0,0,0,38,0,0,1747,1748,0,8,0,33,0,0,2347,2347,0,0,0,34,0,0
2025-11-12T09:57:43.994Z,2047,2047,0,0,0,34,0,0,2047,2047,0,0,0,38,0,0,1747,1748,0,8,0,33,0,0,1847,2347,0,0,0,33,0,0
2025-11-12T09:57:44.094Z,2047,2047,0,0,0,34,0,0,2047,2047,0,0,0,38,0,0,1747,1748,0,8,0,33,0,0,1847,2339,32918,141,14,34,0,1
2025-11-12T09:57:44.195Z,2047,2047,0,0,0,34,0,0,2047,2046,32818,1052,1,38,0,0,1747,1748,0,8,0,33,0,0,1847,2227,34218,350,39,33,0,1
2025-11-12T09:57:44.296Z,2047,2048,32918,20,1,34,0,0,2047,2046,100,0,0,38,0,0,1747,1748,0,8,0,33,0,0,1847,2011,35068,375,28,33,0,1
2025-11-12T09:57:44.396Z,2047,2048,0,28,0,34,0,0,2047,2046,0,1052,1,38,0,0,1747,1748,0,8,0,33,0,0,1847,1872,33818,150,18,33,0,1
2025-11-12T09:57:44.497Z,2047,2048,0,28,1,34,0,0,2047,2046,0,1052,0,38,0,0,1747,1748,0,8,0,33,0,0,2347,1850,0,37,2,33,0,0
2025-11-12T09:57:44.597Z,2047,2048,0,28,1,34,0,0,2047,2046,0,1052,0,38,0,0,1747,1748,0,8,0,33,0,0,2347,1858,50,1128,7,33,0,1
2025-11-12T09:57:44.698Z,2047,2048,0,28,0,34,0,0,2047,2046,0,1052,0,38,0,0,1747,1748,0,8,0,33,0,0,2347,1971,1300,1349,26,34,0,1
2025-11-12T09:57:44.799Z,2047,2048,0,28,1,34,0,0,2047,2046,0,1052,1,38,0,0,1747,1748,0,8,0,33,0,0,2347,2186,2100,1374,27,33,0,1
2025-11-12T09:57:44.900Z,2047,2048,0,28,1,34,0,0,2047,2047,0,0,0,38,0,0,1747,1748,0,8,0,33,0,0,2347,2322,850,1161,12,33,0,1
2025-11-12T09:57:45.001Z,2047,2048,0,28,1,34,0,0,2047,2047,0,0,0,38,0,0,1747,1748,0,8,0,33,0,0,2347,2347,0,0,0,33,0,0
2025-11-12T09:57:45.102Z,2047,2048,0,28,0,34,0,0,2047,2047,0,0,0,38,0,0,1747,1748,0,8,0,33,0,0,2347,2346,32818,1036,0,33,0,0
2025-11-12T09:57:45.202Z,2047,2048,0,28,0,34,0,0,2047,2047,0,0,0,38,0,0,1747,1748,0,8,0,33,0,0,2347,2347,0,0,0,33,0,0
2025-11-12T09:57:45.303Z,2047,2048,0,28,0,34,0,0,2047,2047,0,0,0,38,0,0,1747,1748,0,8,0,33,0,0,2347,2347,0,0,0,33,0,0
2025-11-12T09:57:45.404Z,2047,2048,0,28,0,34,0,0,2047,2047,0,0,0,38,0,0,1747,1748,0,8,0,33,0,0,2347,2346,32818,1036,0,33,0,0
2025-11-12T09:57:45.505Z,2047,2048,0,28,0,34,0,0,2047,2047,0,0,0,38,0,0,2247,1748,0,8,0,33,0,0,2347,2347,0,0,0,33,0,0
2025-11-12T09:57:45.606Z,2047,2048,0,28,0,34,0,0,2047,2047,0,0,0,38,0,0,2247,1759,100,1160,20,33,0,1,2347,2346,0,1036,0,34,0,0
2025-11-12T09:57:45.707Z,2047,2048,0,28,1,34,0,0,2047,2047,0,0,0,38,0,0,2247,1879,1400,1380,37,33,0,1,2347,2347,0,0,0,33,0,0
2025-11-12T09:57:45.808Z,2047,2046,150,0,0,34,0,0,2047,2048,32818,1044,0,38,0,0,2247,2092,2200,1396,36,33,0,1,2347,2347,50,0,0,33,0,0
2025-11-12T09:57:45.909Z,2047,2046,0,1052,1,34,0,0,2047,2048,0,28,1,38,0,0,2247,2221,750,1180,22,33,0,1,2347,2346,32818,1036,0,33,0,0
2025-11-12T09:57:46.010Z,2047,2046,0,1052,1,34,0,0,2047,2048,0,28,0,38,0,0,1747,2241,0,1072,4,33,0,0,2347,2347,0,0,0,34,0,0
2025-11-12T09:57:46.111Z,2047,2046,0,1052,0,34,0,0,2047,2048,0,28,0,38,0,0,1747,2229,33168,116,9,33,0,1,2347,2347,50,0,0,33,0,0
2025-11-12T09:57:46.212Z,2047,2046,0,1052,0,34,0,0,2047,2048,0,28,0,38,0,0,1747,2105,34368,328,25,33,0,1,2347,2347,0,0,0,34,0,0
2025-11-12T09:57:46.313Z,2047,2046,0,1052,0,34,0,0,2047,2047,0,1044,0,38,0,0,1747,1894,34668,336,19,33,0,1,2347,2347,50,0,0,33,0,0
2025-11-12T09:57:46.414Z,2047,2047,50,0,0,34,0,0,2047,2047,0,0,0,38,0,0,1747,1766,33618,112,10,33,0,1,2347,2347,0,0,0,33,0,0
2025-11-12T09:57:46.515Z,2047,2047,0,0,0,34,0,0,2047,2047,0,0,0,38,0,0,1747,1748,0,8,0,33,0,0,2347,2347,0,0,0,33,0,0
2025-11-12T09:57:46.616Z,2047,2047,0,0,0,34,0,0,2047,2047,0,0,0,38,0,0,1747,1748,0,8,0,33,0,0,2347,2347,0,4,0,33,0,0
2025-11-12T09:57:46.717Z,2047,2047,0,0,0,34,0,0,2047,2047,0,0,0,38,0,0,1747,1748,0,8,0,33,0,0,2347,2347,0,0,0,33,0,0
2025-11-12T09:57:46.818Z,2047,2047,0,0,0,34,0,0,2047,2047,0,0,0,38,0,0,1747,1748,0,8,0,33,0,0,2347,2346,0,1036,0,33,0,0
2025-11-12T09:57:46.919Z,2047,2047,0,0,0,34,0,0,2047,2047,0,0,0,38,0,0,1747,1748,0,8,0,33,0,0,2347,2347,0,0,0,33,0,0
2025-11-12T09:57:47.020Z,1947,2047,0,0,0,34,0,0,2147,2047,0,0,0,38,0,0,1747,1748,0,8,0,33,0,0,2347,2347,0,0,0,34,0,0
2025-11-12T09:57:47.120Z,1947,2047,0,153,4,34,0,1,2147,2048,0,1152,3,38,0,1,1747,1748,0,8,0,33,0,0,2347,2347,0,0,0,33,0,0
2025-11-12T09:57:47.221Z,1947,2016,33068,145,3,34,0,1,2147,2078,300,1148,3,38,0,1,1747,1748,0,8,0,33,0,0,2347,2347,50,0,0,34,0,0
2025-11-12T09:57:47.321Z,1947,1976,33168,120,1,34,0,1,2147,2118,350,1119,0,39,0,1,1747,1748,0,8,0,33,0,0,2347,2347,0,0,0,33,0,0
2025-11-12T09:57:47.421Z,1947,1952,32918,58,1,34,0,1,2147,2142,150,1077,0,38,0,1,1747,1748,0,8,0,33,0,0,2347,2347,0,0,0,33,0,0
2025-11-12T09:57:47.522Z,1947,1948,0,28,0,34,0,0,2147,2146,0,1052,0,38,0,0,1747,1748,0,8,0,33,0,0,2347,2347,0,0,0,33,0,0
2025-11-12T09:57:47.622Z,1947,1948,0,28,0,34,0,0,2147,2146,0,1052,1,38,0,0,1747,1748,0,8,0,33,0,0,2347,2347,0,0,0,33,0,0
2025-11-12T09:57:47.722Z,1947,1948,0,28,1,34,0,0,2147,2146,0,1052,1,38,0,0,1747,1748,0,8,0,33,0,0,2347,2347,0,0,0,33,0,0
2025-11-12T09:57:47.823Z,1947,1948,0,28,1,34,0,0,2147,2146,0,1052,1,38,0,0,1747,1748,0,8,0,33,0,0,2347,2347,0,0,0,33,0,0
2025-11-12T09:57:47.924Z,1947,1948,0,28,1,34,0,0,2147,2146,0,1052,1,38,0,0,1747,1748,0,8,0,33,0,0,2347,2347,0,0,0,33,0,0
2025-11-12T09:57:48.024Z,2047,1948,0,28,0,34,0,0,2047,2146,0,1052,1,38,0,0,1747,1748,0,8,0,33,0,0,2347,2347,0,0,0,33,0,0
2025-11-12T09:57:48.125Z,2047,1949,0,1135,2,34,0,1,2047,2143,32818,95,2,38,0,1,1747,1748,0,8,0,33,0,0,2347,2347,0,0,0,33,0,0
2025-11-12T09:57:48.225Z,2047,1977,350,1165,2,34,0,1,2047,2116,33068,149,3,38,0,1,1747,1748,0,8,0,33,0,0,2347,2347,0,0,0,33,0,0
2025-11-12T09:57:48.326Z,2047,2018,400,1136,1,34,0,1,2047,2075,33168,99,1,38,0,1,1747,1748,0,8,0,33,0,0,2347,2347,0,0,0,33,0,0
2025-11-12T09:57:48.427Z,2047,2042,150,1069,1,34,0,1,2047,2051,32918,53,0,38,0,1,1747,1748,0,8,0,33,0,0,2347,2346,32818,1036,0,33,0,0
2025-11-12T09:57:48.527Z,2047,2047,0,0,0,34,0,0,2047,2047,0,0,0,38,0,0,1747,1748,0,8,0,33,0,0,2347,2347,0,0,0,34,0,0
2025-11-12T09:57:48.628Z,2047,2047,0,0,0,34,0,0,2047,2047,0,0,0,38,0,0,1747,1748,0,8,0,33,0,0,2347,2347,0,0,0,34,0,0
2025-11-12T09:57:48.728Z,2047,2047,0,0,0,34,0,0,2047,2047,0,0,0,38,0,0,1747,1748,0,8,0,33,0,0,2347,2347,0,0,0,33,0,0
2025-11-12T09:57:48.828Z,2047,2047,0,0,0,34,0,0,2047,2047,0,0,0,38,0,0,1747,1748,0,8,0,33,0,0,2347,2346,0,1036,0,33,0,0
2025-11-12T09:57:48.929Z,2047,2047,0,0,0,34,0,0,2047,2047,0,0,0,38,0,0,1747,1748,0,8,0,33,0,0,2347,2346,32818,1036,1,33,0,0
2025-11-12T09:57:49.030Z,2047,2047,0,0,0,34,0,0,2047,2047,0,0,0,38,0,0,1747,1748,0,8,0,33,0,0,1847,2347,0,0,0,34,0,0
2025-11-12T09:57:49.131Z,2047,2047,0,0,0,34,0,0,2047,2047,0,0,0,38,0,0,1747,1748,0,8,0,33,0,0,1847,2322,33418,158,22,34,0,1
2025-11-12T09:57:49.232Z,2047,2047,0,0,0,34,0,0,2047,2045,32818,1069,1,38,0,0,1747,1748,0,8,0,33,0,0,1847,2182,34468,412,45,33,0,1
2025-11-12T09:57:49.332Z,2047,2050,0,53,1,34,0,0,2047,2044,0,1077,2,38,0,0,1747,1748,0,8,0,33,0,0,1847,1965,34668,308,30,34,0,1
2025-11-12T09:57:49.433Z,2047,2048,0,28,1,34,0,0,2047,2045,0,1065,1,38,0,0,1747,1748,0,8,0,33,0,0,1847,1858,33418,96,13,33,0,1
2025-11-12T09:57:49.534Z,2047,2048,0,28,1,34,0,0,2047,2045,0,1065,1,38,0,0,1747,1748,0,8,0,33,0,0,2347,1850,0,37,3,33,0,0
2025-11-12T09:57:49.635Z,2047,2048,0,28,0,34,0,0,2047,2045,0,1065,1,38,0,0,1747,1748,0,8,0,33,0,0,2347,1875,500,1161,9,33,0,1
2025-11-12T09:57:49.736Z,2047,2048,0,28,0,34,0,0,2047,2045,0,1065,1,38,0,0,1747,1748,0,8,0,33,0,0,2347,2018,1750,1411,36,33,0,1
2025-11-12T09:57:49.837Z,2047,2048,0,28,0,34,0,0,2047,2046,0,1052,1,38,0,0,1747,1748,0,8,0,33,0,0,2347,2228,2050,1361,22,34,0,1
2025-11-12T09:57:49.938Z,2047,2048,0,28,1,34,0,0,2047,2047,0,0,0,38,0,0,1747,1748,0,8,0,33,0,0,2347,2338,550,1099,5,33,0,1
2025-11-12T09:57:50.039Z,2047,2048,0,28,0,34,0,0,2047,2047,0,0,0,38,0,0,1747,1748,0,8,0,33,0,0,2347,2347,0,0,0,33,0,0
2025-11-12T09:57:50.139Z,2047,2048,0,28,0,34,0,0,2047,2047,0,0,0,38,0,0,1747,1748,0,8,0,33,0,0,2347,2347,0,0,0,33,0,0
2025-11-12T09:57:50.240Z,2047,2048,0,28,1,34,0,0,2047,2047,0,0,0,38,0,0,1747,1748,0,8,0,33,0,0,2347,2347,50,0,0,33,0,0
2025-11-12T09:57:50.340Z,2047,2048,0,28,0,34,0,0,2047,2047,0,0,0,38,0,0,1747,1748,0,8,0,33,0,0,2347,2347,0,0,0,33,0,0
2025-11-12T09:57:50.441Z,2047,2048,0,28,0,34,0,0,2047,2047,0,0,0,38,0,0,1747,1748,0,8,0,33,0,0,2347,2347,0,0,0,34,0,0
2025-11-12T09:57:50.542Z,2047,2048,0,28,0,34,0,0,2047,2047,0,0,0,38,0,0,2247,1748,0,8,0,33,0,0,2347,2347,0,0,0,34,0,0
2025-11-12T09:57:50.642Z,2047,2048,0,28,0,34,0,0,2047,2047,0,0,0,38,0,0,2247,1766,650,1176,16,33,0,1,2347,2346,0,1036,0,34,0,0
2025-11-12T09:57:50.744Z,2047,2047,0,0,0,34,0,0,2047,2047,0,0,0,38,0,0,2247,1898,1750,1392,39,33,0,1,2347,2347,0,0,0,33,0,0
2025-11-12T09:57:50.845Z,2047,2046,100,1044,0,34,0,0,2047,2048,32818,28,0,38,0,0,2247,2111,1950,1356,36,33,0,1,2347,2346,32818,1036,0,33,0,0
2025-11-12T09:57:50.946Z,2047,2046,0,1052,1,34,0,0,2047,2048,0,28,0,38,0,0,2247,2228,750,1156,14,33,0,1,2347,2347,0,0,0,33,0,0
2025-11-12T09:57:51.047Z,2047,2046,0,1052,1,34,0,0,2047,2048,0,28,0,43,0,0,1747,2241,0,1072,4,33,0,0,2347,2346,0,1036,0,33,0,0
2025-11-12T09:57:51.148Z,2047,2046,0,1052,0,34,0,0,2047,2048,0,28,0,38,0,0,1747,2222,33218,132,11,33,0,1,2347,2347,0,0,0,33,0,0
2025-11-12T09:57:51.249Z,2047,2046,0,1052,1,34,0,0,2047,2048,0,28,0,38,0,0,1747,2087,34468,360,34,33,0,1,2347,2347,0,0,0,34,0,0
2025-11-12T09:57:51.350Z,2047,2046,0,1052,0,34,0,0,2047,2047,0,0,0,38,0,0,1747,1876,34718,312,25,33,0,1,2347,2347,0,0,0,33,0,0
2025-11-12T09:57:51.451Z,2047,2046,0,1052,1,34,0,0,2047,2047,0,0,0,38,0,0,1747,1760,33568,88,6,33,0,1,2347,2347,0,0,0,33,0,0
2025-11-12T09:57:51.552Z,2047,2046,0,1052,1,34,0,0,2047,2047,0,0,0,38,0,0,1747,1748,0,8,0,33,0,0,2347,2347,0,0,0,33,0,0
2025-11-12T09:57:51.653Z,2047,2047,0,0,0,34,0,0,2047,2047,0,0,0,38,0,0,1747,1748,0,8,0,33,0,0,2347,2347,0,0,0,33,0,0
2025-11-12T09:57:51.754Z,2047,2047,0,0,0,34,0,0,2047,2047,0,0,0,38,0,0,1747,1748,0,8,0,33,0,0,2347,2347,0,0,0,33,0,0
2025-11-12T09:57:51.855Z,2047,2047,0,0,0,34,0,0,2047,2047,0,0,0,38,0,0,1747,1748,0,8,0,33,0,0,2347,2347,0,0,0,34,0,0
2025-11-12T09:57:51.955Z,2047,2047,0,0,0,34,0,0,2047,2047,0,0,0,38,0,0,1747,1748,0,8,0,33,0,0,2347,2346,0,1036,0,34,0,0
2025-11-12T09:57:52.056Z,2047,2047,0,0,0,34,0,0,2047,2047,0,0,0,38,0,0,1747,1748,0,8,0,33,0,0,1847,2347,0,0,0,33,0,0
2025-11-12T09:57:52.157Z,2047,2047,0,0,0,34,0,0,2047,2047,0,0,0,38,0,0,1747,1748,0,8,0,33,0,0,1847,2320,33268,162,17,34,0,1
2025-11-12T09:57:52.258Z,2047,2047,0,0,0,34,0,0,2047,2045,0,1069,1,38,0,0,1747,1748,0,8,0,33,0,0,1847,2182,34368,412,46,33,0,1
2025-11-12T09:57:52.359Z,2047,2048,32868,20,0,34,0,0,2047,2045,50,1065,1,38,0,0,1747,1748,0,8,0,33,0,0,1847,1966,34568,325,31,34,0,1
2025-11-12T09:57:52.460Z,2047,2048,0,28,0,34,0,0,2047,2045,0,1065,1,38,0,0,1747,1748,0,8,0,33,0,0,1847,1858,33318,116,8,34,0,1
2025-11-12T09:57:52.561Z,2047,2048,0,28,0,34,0,0,2047,2045,0,1065,0,38,0,0,1747,1748,0,8,0,33,0,0,2347,1850,0,37,2,33,0,0
2025-11-12T09:57:52.662Z,2047,2048,0,28,1,34,0,0,2047,2045,0,1065,1,38,0,0,1747,1748,0,8,0,33,0,0,2347,1875,600,1161,9,33,0,1
2025-11-12T09:57:52.763Z,2047,2048,0,28,1,34,0,0,2047,2045,0,1065,1,38,0,0,1747,1748,0,8,0,33,0,0,2347,2018,1850,1411,37,34,0,1
2025-11-12T09:57:52.863Z,2047,2048,0,28,1,35,0,0,2047,2046,0,1052,1,38,0,0,1747,1748,0,8,0,33,0,0,2347,2229,1700,1361,22,34,0,1
2025-11-12T09:57:52.965Z,2047,2048,0,28,1,34,0,0,2047,2047,0,0,0,38,0,0,1747,1748,0,8,0,33,0,0,2347,2338,650,1099,4,33,0,1
2025-11-12T09:57:53.065Z,2047,2048,0,28,1,34,0,0,2047,2047,0,0,0,38,0,0,1747,1748,0,8,0,33,0,0,2347,2347,0,0,0,34,0,0
2025-11-12T09:57:53.165Z,2047,2048,0,28,1,34,0,0,2047,2047,0,0,0,38,0,0,1747,1748,0,8,0,33,0,0,2347,2347,0,0,0,33,0,0
2025-11-12T09:57:53.266Z,2047,2048,0,28,0,34,0,0,2047,2047,0,0,0,38,0,0,1747,1748,0,8,0,33,0,0,2347,2347,50,0,0,33,0,0
2025-11-12T09:57:53.367Z,2047,2048,0,28,0,34,0,0,2047,2047,0,0,0,38,0,0,1747,1748,0,8,0,33,0,0,2347,2347,0,0,0,33,0,0
2025-11-12T09:57:53.468Z,2147,2048,0,28,1,34,0,0,1947,2047,0,0,0,38,0,0,1747,1748,0,8,0,33,0,0,2347,2347,50,0,0,33,0,0
2025-11-12T09:57:53.569Z,2147,2048,0,0,0,34,0,1,1947,2047,0,32,0,38,0,1,1747,1748,0,8,0,33,0,0,2347,2347,0,0,0,33,0,0
2025-11-12T09:57:53.670Z,2147,2058,450,1156,1,34,0,1,1947,2035,33018,104,0,38,0,1,1747,1748,0,8,0,33,0,0,2347,2347,0,0,0,34,0,0
2025-11-12T09:57:53.771Z,2147,2095,450,1165,3,34,0,1,1947,1997,33218,124,1,38,0,1,1747,1748,0,8,0,33,0,0,2347,2346,0,1036,0,33,0,0
2025-11-12T09:57:53.872Z,2147,2130,250,1111,1,34,0,1,1947,1962,33018,78,1,38,0,1,1747,1748,0,8,0,33,0,0,2347,2347,0,0,0,34,0,0
2025-11-12T09:57:53.972Z,2147,2145,100,1061,1,34,0,1,1947,1947,32868,1048,0,38,0,1,1747,1748,0,8,0,33,0,0,2347,2346,0,1036,0,34,0,0
2025-11-12T09:57:54.073Z,2147,2146,0,1052,1,34,0,0,1947,1946,0,1052,0,38,0,0,1747,1748,0,8,0,33,0,0,2347,2347,0,0,3,33,0,0
2025-11-12T09:57:54.174Z,2147,2146,0,1052,0,34,0,0,1947,1946,0,1052,0,38,0,0,1747,1748,0,8,0,33,0,0,2347,2347,0,0,0,34,0,0
2025-11-12T09:57:54.275Z,2147,2146,0,1052,1,34,0,0,1947,1946,0,1052,0,38,0,0,1747,1748,0,8,0,33,0,0,2347,2347,0,0,0,33,0,0
2025-11-12T09:57:54.376Z,2147,2146,0,1052,1,34,0,0,1947,1946,0,1052,1,38,0,0,1747,1748,0,8,0,33,0,0,2347,2347,0,0,0,34,0,0
2025-11-12T09:57:54.477Z,2047,2146,0,1052,1,34,0,0,2047,1946,0,1052,1,38,0,0,1747,1748,0,8,0,33,0,0,2347,2347,0,0,0,33,0,0
2025-11-12T09:57:54.579Z,2047,2146,0,32,1,34,0,1,2047,1946,0,1065,1,38,0,1,1747,1748,0,8,0,33,0,0,2347,2347,0,0,0,33,0,0
2025-11-12T09:57:54.680Z,2047,2132,33018,116,0,34,0,1,2047,1964,300,1090,1,38,0,1,1747,1748,0,8,0,33,0,0,2347,2346,0,1036,0,33,0,0
2025-11-12T09:57:54.780Z,2047,2096,33218,161,4,35,0,1,2047,1998,400,1156,1,38,0,1,1747,1748,0,8,0,33,0,0,2347,2347,0,0,0,33,0,0
2025-11-12T09:57:54.881Z,2047,2062,33018,99,2,34,0,1,2047,2033,250,1086,0,38,0,1,1747,1748,0,8,0,33,0,0,2347,2347,0,0,1,34,0,0
2025-11-12T09:57:54.982Z,2047,2048,32818,24,0,34,0,1,2047,2046,50,1052,1,38,0,1,1747,1748,0,8,0,33,0,0,2347,2347,0,0,0,34,0,0
2025-11-12T09:57:55.084Z,2047,2048,0,28,1,34,0,0,2047,2047,0,0,0,38,0,0,1747,1748,0,8,0,33,0,0,2347,2347,0,0,0,34,0,0
2025-11-12T09:57:55.185Z,2047,2048,0,28,0,34,0,0,2047,2047,0,0,0,38,0,0,1747,1748,0,8,0,33,0,0,2347,2347,0,0,0,33,0,0
2025-11-12T09:57:55.286Z,2047,2048,0,28,0,34,0,0,2047,2047,0,0,0,38,0,0,1747,1748,0,8,0,33,0,0,2347,2347,50,0,0,33,0,0
2025-11-12T09:57:55.387Z,2047,2048,0,28,0,34,0,0,2047,2047,0,0,0,38,0,0,1747,1748,0,8,0,33,0,0,2347,2347,0,0,0,33,0,0
2025-11-12T09:57:55.488Z,2047,2048,0,28,1,34,0,0,2047,2047,0,0,0,38,0,0,2247,1748,0,8,0,33,0,0,2347,2346,32818,1036,0,34,0,0
2025-11-12T09:57:55.589Z,2047,2048,0,28,0,34,0,0,2047,2047,0,0,0,38,0,0,2247,1748,0,1032,0,33,0,1,2347,2347,0,0,0,34,0,0
2025-11-12T09:57:55.690Z,2047,2048,0,28,1,34,0,0,2047,2047,0,0,0,38,0,0,2247,1807,900,1268,23,33,0,1,2347,2346,0,1036,1,34,0,0
2025-11-12T09:57:55.791Z,2047,2048,0,28,0,34,0,0,2047,2047,0,0,0,38,0,0,2247,1986,2000,1472,41,33,0,1,2347,2347,0,0,0,34,0,0
2025-11-12T09:57:55.891Z,2047,2046,0,1052,0,34,0,0,2047,2048,0,28,0,38,0,0,2247,2174,1350,1276,33,33,0,1,2347,2347,0,0,0,34,0,0
2025-11-12T09:57:55.992Z,2047,2045,0,1065,0,34,0,0,2047,2048,0,28,0,38,0,0,1747,2240,150,1080,5,33,0,1,2347,2347,0,0,0,34,0,0
2025-11-12T09:57:56.093Z,2047,2045,0,1065,0,34,0,0,2047,2048,0,28,1,38,0,0,1747,2241,0,1036,1,33,0,1,2347,2347,0,0,0,34,0,0
2025-11-12T09:57:56.194Z,2047,2046,0,1052,0,34,0,0,2047,2048,0,28,0,38,0,0,1747,2182,33818,212,22,33,0,1,2347,2347,0,0,0,34,0,0
2025-11-12T09:57:56.294Z,2047,2046,0,1052,0,34,0,0,2047,2048,0,28,0,38,0,0,1747,1996,35018,416,30,33,0,1,2347,2347,0,0,0,33,0,0
2025-11-12T09:57:56.396Z,2047,2046,0,1052,0,34,0,0,2047,2047,0,0,0,38,0,0,1747,1812,34218,212,22,33,0,1,2347,2347,0,0,0,33,0,0
2025-11-12T09:57:56.497Z,2047,2047,0,0,0,34,0,0,2047,2047,0,0,0,38,0,0,1747,1749,33018,16,0,33,0,1,2347,2347,0,0,0,34,0,0
2025-11-12T09:57:56.598Z,2047,2047,0,0,0,34,0,0,2047,2047,0,0,0,38,0,0,1747,1748,0,8,0,33,0,0,2347,2347,0,0,0,33,0,0
2025-11-12T09:57:56.699Z,2047,2047,0,0,0,34,0,0,2047,2047,0,0,0,38,0,0,1747,1748,0,8,0,33,0,0,2347,2346,0,1036,1,33,0,0
2025-11-12T09:57:56.801Z,2047,2047,0,0,0,34,0,0,2047,2047,0,0,0,38,0,0,1747,1748,0,8,0,33,0,0,2347,2347,0,0,0,34,0,0
2025-11-12T09:57:56.901Z,2047,2047,0,0,0,34,0,0,2047,2047,0,0,0,38,0,0,1747,1748,0,8,0,33,0,0,2347,2347,0,0,0,33,0,0
2025-11-12T09:57:57.002Z,2047,2047,0,0,0,34,0,0,2047,2047,0,0,0,38,0,0,1747,1748,0,8,0,33,0,0,1847,2347,0,0,0,34,0,0
2025-11-12T09:57:57.103Z,2047,2047,0,0,0,34,0,0,2047,2047,0,0,0,38,0,0,1747,1748,0,8,0,33,0,0,1847,2346,32818,25,1,33,0,1
2025-11-12T09:57:57.204Z,2047,2047,0,0,0,34,0,0,2047,2047,0,0,0,38,0,0,1747,1748,0,8,0,33,0,0,1847,2278,33918,279,25,34,0,1
2025-11-12T09:57:57.305Z,2047,2054,50,103,1,35,0,0,2047,2042,100,1126,2,38,0,0,1747,1748,0,8,0,33,0,0,1847,2086,34968,458,39,33,0,1
2025-11-12T09:57:57.406Z,2047,2048,0,28,0,34,0,0,2047,2046,0,1052,1,38,0,0,1747,1748,0,8,0,33,0,0,1847,1906,34118,233,29,34,0,1
2025-11-12T09:57:57.507Z,2047,2048,0,28,0,34,0,0,2047,2046,0,1052,1,38,0,0,1747,1748,0,8,0,33,0,0,2347,1850,32918,37,2,34,0,1
2025-11-12T09:57:57.608Z,2047,2048,0,28,1,34,0,0,2047,2046,0,1052,0,38,0,0,1747,1748,0,8,0,33,0,0,2347,1850,0,0,0,33,0,1
2025-11-12T09:57:57.709Z,2047,2048,0,28,1,34,0,0,2047,2046,0,1052,1,38,0,0,1747,1748,0,8,0,33,0,0,2347,1921,1050,1270,26,34,0,1
2025-11-12T09:57:57.809Z,2047,2048,0,28,0,34,0,0,2047,2046,0,1052,0,38,0,0,1747,1748,0,8,0,33,0,0,2347,2116,2250,1461,29,34,0,1
2025-11-12T09:57:57.910Z,2047,2048,0,28,1,34,0,0,2047,2047,0,0,0,38,0,0,1747,1748,0,8,0,33,0,0,2347,2294,1550,1224,19,34,0,1
2025-11-12T09:57:58.011Z,2047,2048,0,28,0,34,0,0,2047,2047,0,0,0,38,0,0,1747,1748,0,8,0,33,0,0,2347,2347,250,0,0,33,0,1
2025-11-12T09:57:58.112Z,2047,2048,0,28,0,34,0,0,2047,2047,0,0,0,38,0,0,1747,1748,0,8,0,33,0,0,2347,2347,0,0,0,34,0,0
2025-11-12T09:57:58.213Z,2047,2048,0,28,0,34,0,0,2047,2047,0,0,0,38,0,0,1747,1748,0,8,0,33,0,0,2347,2347,0,0,0,34,0,0
2025-11-12T09:57:58.314Z,2047,2048,0,28,1,34,0,0,2047,2047,0,0,0,38,0,0,1747,1748,0,8,0,33,0,0,2347,2347,0,0,0,34,0,0
2025-11-12T09:57:58.414Z,2047,2048,0,28,1,34,0,0,2047,2047,0,0,0,38,0,0,1747,1748,0,8,0,33,0,0,2347,2347,0,0,0,33,0,0
2025-11-12T09:57:58.515Z,2047,2048,0,28,0,34,0,0,2047,2047,0,0,0,38,0,0,2247,1748,0,8,0,33,0,0,2347,2347,0,0,0,34,0,0
2025-11-12T09:57:58.616Z,2047,2048,0,28,1,34,0,0,2047,2047,0,0,0,38,0,0,2247,1749,0,1088,6,33,0,1,2347,2346,32818,1036,0,34,0,0
2025-11-12T09:57:58.717Z,2047,2048,0,28,1,35,0,0,2047,2047,0,0,0,38,0,0,2247,1836,1350,1316,26,33,0,1,2347,2347,0,0,0,34,0,0
2025-11-12T09:57:58.818Z,2047,2043,0,1090,0,35,0,0,2047,2049,33018,21,0,38,0,0,2247,2036,2300,1440,46,33,0,1,2347,2346,0,1036,1,34,0,0
2025-11-12T09:57:58.919Z,2047,2046,0,1052,1,34,0,0,2047,2048,0,28,0,38,0,0,2247,2199,1200,1232,31,33,0,1,2347,2347,0,0,0,33,0,0
2025-11-12T09:57:59.020Z,2047,2046,0,1052,0,34,0,0,2047,2048,0,28,1,38,0,0,1747,2241,50,1072,4,33,0,1,2347,2346,0,1036,0,34,0,0
2025-11-12T09:57:59.121Z,2047,2046,0,1052,1,34,0,0,2047,2048,0,28,0,38,0,0,1747,2240,0,52,2,33,0,1,2347,2347,0,0,0,33,0,0
2025-11-12T09:57:59.223Z,2047,2046,0,1052,0,34,0,0,2047,2048,0,28,1,38,0,0,1747,2151,34068,284,23,33,0,1,2347,2346,0,1036,0,34,0,0
2025-11-12T09:57:59.324Z,2047,2046,0,1052,1,34,0,0,2047,2048,0,28,1,38,0,0,1747,1947,35068,384,28,33,0,1,2347,2347,0,0,0,34,0,0
2025-11-12T09:57:59.426Z,2047,2047,0,0,1,34,0,0,2047,2047,0,0,0,38,0,0,1747,1786,34068,160,13,33,0,1,2347,2347,0,0,0,34,0,0
2025-11-12T09:57:59.527Z,2047,2047,0,0,0,34,0,0,2047,2047,0,0,0,38,0,0,1747,1748,32818,8,0,33,0,1,2347,2347,0,0,0,34,0,0
2025-11-12T09:57:59.627Z,2047,2047,0,0,0,34,0,0,2047,2047,0,0,0,38,0,0,1747,1748,0,8,0,33,0,0,2347,2347,50,0,0,33,0,0
2025-11-12T09:57:59.728Z,2047,2047,0,0,0,34,0,0,2047,2047,0,0,0,38,0,0,1747,1748,0,8,0,33,0,0,2347,2346,0,1036,0,34,0,0
2025-11-12T09:57:59.828Z,2047,2047,0,0,0,34,0,0,2047,2047,0,0,0,38,0,0,1747,1748,0,8,0,33,0,0,2347,2347,0,0,0,34,0,0
2025-11-12T09:57:59.929Z,2047,2047,0,0,0,34,0,0,2047,2047,0,0,0,38,0,0,1747,1748,0,8,0,33,0,0,2347,2347,0,0,0,33,0,0
2025-11-12T09:58:00.029Z,1947,2047,0,0,0,34,0,0,2147,2047,0,0,0,38,0,0,1747,1748,0,8,0,33,0,0,2347,2347,0,0,0,34,0,0
2025-11-12T09:58:00.129Z,1947,2047,0,153,4,34,0,1,2147,2048,50,1139,3,38,0,1,1747,1748,0,8,0,33,0,0,2347,2347,0,0,0,33,0,0
2025-11-12T09:58:00.230Z,1947,2017,33068,157,4,34,0,1,2147,2077,250,1164,2,38,0,1,1747,1748,0,8,0,33,0,0,2347,2347,0,0,0,33,0,0
2025-11-12T09:58:00.331Z,1947,1976,33118,128,2,34,0,1,2147,2118,400,1127,2,38,0,1,1747,1748,0,8,0,33,0,0,2347,2347,0,0,0,34,0,0
2025-11-12T09:58:00.432Z,1947,1952,32968,58,1,34,0,1,2147,2142,200,1073,0,38,0,1,1747,1748,0,8,0,33,0,0,2347,2347,0,0,0,34,0,0
2025-11-12T09:58:00.532Z,1947,1948,0,28,0,34,0,0,2147,2146,0,1052,0,38,0,0,1747,1748,0,8,0,33,0,0,2347,2347,0,0,0,34,0,0
2025-11-12T09:58:00.632Z,1947,1948,0,28,1,34,0,0,2147,2146,0,1052,0,38,0,0,1747,1748,0,8,0,33,0,0,2347,2347,0,0,0,33,0,0
2025-11-12T09:58:00.733Z,1947,1948,0,28,0,34,0,0,2147,2146,0,1052,0,38,0,0,1747,1748,0,8,0,33,0,0,2347,2347,0,0,0,34,0,0
2025-11-12T09:58:00.834Z,1947,1948,0,28,0,34,0,0,2147,2146,0,1052,0,38,0,0,1747,1748,0,8,0,33,0,0,2347,2347,0,0,0,34,0,0
2025-11-12T09:58:00.935Z,1947,1948,0,28,1,35,0,0,2147,2146,0,1052,1,38,0,0,1747,1748,0,8,0,33,0,0,2347,2347,0,0,0,34,0,0
2025-11-12T09:58:01.036Z,2047,1948,0,28,0,34,0,0,2047,2146,0,1052,0,38,0,0,1747,1748,0,8,0,33,0,0,2347,2347,0,0,0,34,0,0
2025-11-12T09:58:01.136Z,2047,1949,0,1139,2,34,0,1,2047,2143,32868,95,2,38,0,1,1747,1748,0,8,0,33,0,0,2347,2347,0,0,0,34,0,0
2025-11-12T09:58:01.238Z,2047,1978,300,1165,2,34,0,1,2047,2115,33168,128,2,38,0,1,1747,1748,0,8,0,33,0,0,2347,2347,0,0,0,34,0,0
2025-11-12T09:58:01.339Z,2047,2019,400,1136,1,34,0,1,2047,2074,33118,103,1,38,0,1,1747,1748,0,8,0,33,0,0,2347,2347,0,0,0,33,0,0
2025-11-12T09:58:01.440Z,2047,2042,150,1077,1,34,0,1,2047,2051,32968,49,0,38,0,1,1747,1748,0,8,0,33,0,0,2347,2347,0,0,0,34,0,0
2025-11-12T09:58:01.540Z,2047,2047,0,0,0,34,0,0,2047,2047,0,0,0,38,0,0,1747,1748,0,8,0,33,0,0,2347,2347,0,0,0,33,0,0
2025-11-12T09:58:01.641Z,2047,2047,0,0,0,34,0,0,2047,2047,0,0,0,38,0,0,1747,1748,0,8,0,33,0,0,2347,2346,32818,1036,0,34,0,0
2025-11-12T09:58:01.742Z,2047,2047,0,0,0,34,0,0,2047,2047,0,0,0,38,0,0,1747,1748,0,8,0,33,0,0,2347,2347,0,0,0,34,0,0
2025-11-12T09:58:01.843Z,2047,2047,0,0,0,34,0,0,2047,2047,0,0,0,38,0,0,1747,1748,0,8,0,33,0,0,2347,2347,0,0,0,34,0,0
2025-11-12T09:58:01.944Z,2047,2047,0,0,0,34,0,0,2047,2047,0,0,0,38,0,0,1747,1748,0,8,0,33,0,0,2347,2347,0,0,0,34,0,0
2025-11-12T09:58:02.045Z,2047,2047,0,0,0,34,0,0,2047,2047,0,0,0,38,0,0,1747,1748,0,8,0,33,0,0,1847,2347,0,0,0,34,0,0
2025-11-12T09:58:02.146Z,2047,2047,0,0,0,34,0,0,2047,2047,0,0,0,38,0,0,1747,1748,0,8,0,33,0,0,1847,2337,32968,137,12,34,0,1
2025-11-12T09:58:02.247Z,2047,2047,0,0,0,34,0,0,2047,2046,0,1056,1,38,0,0,1747,1748,0,8,0,33,0,0,1847,2221,34268,366,34,34,0,1
2025-11-12T09:58:02.348Z,2047,2050,0,53,1,34,0,0,2047,2044,100,1073,2,38,0,0,1747,1748,0,8,0,33,0,0,1847,2004,34968,371,42,33,0,1
2025-11-12T09:58:02.448Z,2047,2048,0,28,1,34,0,0,2047,2045,0,1065,1,38,0,0,1747,1748,0,8,0,33,0,0,1847,1870,33818,150,18,33,0,1
2025-11-12T09:58:02.549Z,2047,2048,0,28,1,34,0,0,2047,2045,0,1065,1,38,0,0,1747,1748,0,8,0,33,0,0,2347,1850,0,37,2,34,0,0
2025-11-12T09:58:02.649Z,2047,2048,0,28,0,34,0,0,2047,2045,0,1065,1,38,0,0,1747,1748,0,8,0,33,0,0,2347,1861,150,1124,7,34,0,1
2025-11-12T09:58:02.749Z,2047,2048,0,28,0,34,0,0,2047,2045,0,1065,1,38,0,0,1747,1748,0,8,0,33,0,0,2347,1978,1450,1365,24,34,0,1
2025-11-12T09:58:02.850Z,2047,2048,0,28,1,34,0,0,2047,2046,0,1052,0,38,0,0,1747,1748,0,8,0,33,0,0,2347,2192,2250,1357,27,34,0,1
2025-11-12T09:58:02.950Z,2047,2048,0,28,1,34,0,0,2047,2047,50,20,0,38,0,0,1747,1748,0,8,0,33,0,0,2347,2325,1050,1149,10,34,0,1
2025-11-12T09:58:03.051Z,2047,2048,0,28,1,34,0,0,2047,2047,0,0,0,38,0,0,1747,1748,0,8,0,33,0,0,2347,2347,0,0,0,34,0,0
2025-11-12T09:58:03.152Z,2047,2048,0,28,1,35,0,0,2047,2047,0,0,0,38,0,0,1747,1748,0,8,0,33,0,0,2347,2347,0,0,0,33,0,0
2025-11-12T09:58:03.253Z,2047,2048,0,28,0,34,0,0,2047,2047,0,0,0,38,0,0,1747,1748,0,8,0,33,0,0,2347,2347,0,0,0,34,0,0
2025-11-12T09:58:03.354Z,2047,2048,0,28,1,35,0,0,2047,2047,0,0,0,38,0,0,1747,1748,0,8,0,33,0,0,2347,2347,0,0,0,34,0,0
2025-11-12T09:58:03.455Z,2047,2048,0,28,1,34,0,0,2047,2047,0,0,0,38,0,0,1747,1748,0,8,0,33,0,0,2347,2347,0,0,0,34,0,0
2025-11-12T09:58:03.556Z,2047,2048,0,28,0,34,0,0,2047,2047,0,0,1,38,0,0,2247,1748,0,8,0,33,0,0,2347,2347,0,0,0,33,0,0
2025-11-12T09:58:03.657Z,2047,2048,0,28,0,34,0,0,2047,2047,0,0,0,38,0,0,2247,1763,400,1180,19,33,0,1,2347,2347,0,0,0,34,0,0
2025-11-12T09:58:03.758Z,2047,2048,0,28,0,34,0,0,2047,2047,0,0,0,38,0,0,2247,1890,1550,1392,41,33,0,1,2347,2347,0,0,0,34,0,0
2025-11-12T09:58:03.859Z,2047,2046,50,20,0,34,0,0,2047,2048,32868,24,0,38,0,0,2247,2104,2050,1364,34,33,0,1,2347,2347,0,0,0,34,0,0
2025-11-12T09:58:03.960Z,2047,2046,0,1052,1,34,0,0,2047,2048,0,28,0,38,0,0,2247,2226,900,1148,17,33,0,1,2347,2347,0,0,0,34,0,0
2025-11-12T09:58:04.060Z,2047,2046,0,1052,0,34,0,0,2047,2048,0,28,1,38,0,0,1747,2241,0,1072,4,33,0,0,2347,2347,0,0,0,33,0,0
2025-11-12T09:58:04.161Z,2047,2046,0,1052,0,34,0,0,2047,2048,0,28,1,38,0,0,1747,2225,33068,132,12,33,0,1,2347,2347,0,0,0,34,0,0
2025-11-12T09:58:04.262Z,2047,2046,0,1052,0,34,0,0,2047,2048,0,28,0,38,0,0,1747,2096,34318,344,29,33,0,1,2347,2347,0,0,0,34,0,0
2025-11-12T09:58:04.363Z,2047,2046,0,1052,0,34,0,0,2047,2047,32818,1044,1,38,0,0,1747,1883,34718,316,26,33,0,1,2347,2347,0,0,0,34,0,0
2025-11-12T09:58:04.463Z,2047,2046,0,1052,1,34,0,0,2047,2047,0,0,0,38,0,0,1747,1762,33468,96,7,33,0,1,2347,2347,0,0,0,34,0,0
2025-11-12T09:58:04.563Z,2047,2046,0,1052,0,34,0,0,2047,2047,0,0,0,38,0,0,1747,1748,0,8,0,33,0,0,2347,2347,0,0,0,34,0,0
2025-11-12T09:58:04.664Z,2047,2047,0,0,0,35,0,0,2047,2047,0,0,0,38,0,0,1747,1748,0,8,0,33,0,0,2347,2347,0,0,0,34,0,0
2025-11-12T09:58:04.765Z,2047,2047,0,0,0,34,0,0,2047,2047,0,0,0,38,0,0,1747,1748,0,8,0,33,0,0,2347,2347,0,0,0,34,0,0
2025-11-12T09:58:04.866Z,2047,2047,0,0,0,34,0,0,2047,2047,0,0,0,38,0,0,1747,1748,0,8,0,33,0,0,2347,2347,0,0,0,34,0,0
2025-11-12T09:58:04.967Z,2047,2047,0,0,0,35,0,0,2047,2047,0,0,0,38,0,0,1747,1748,0,8,0,33,0,0,2347,2347,0,0,0,34,0,0
2025-11-12T09:58:05.068Z,2047,2047,0,0,0,34,0,0,2047,2047,0,0,0,38,0,0,1747,1748,0,8,0,33,0,0,1847,2347,0,0,0,34,0,0
2025-11-12T09:58:05.169Z,2047,2047,0,0,0,34,0,0,2047,2047,0,0,0,38,0,0,1747,1748,0,8,0,33,0,0,1847,2324,33268,162,22,34,0,1
2025-11-12T09:58:05.270Z,2047,2047,0,0,0,34,0,0,2047,2046,0,1056,1,38,0,0,1747,1748,0,8,0,33,0,0,1847,2188,34418,412,45,34,0,1
2025-11-12T09:58:05.371Z,2047,2048,32868,24,0,34,0,0,2047,2045,50,1065,1,38,0,0,1747,1748,0,8,0,33,0,0,1847,1970,34818,325,31,34,0,1
2025-11-12T09:58:05.471Z,2047,2048,0,28,0,34,0,0,2047,2045,0,1065,0,38,0,0,1747,1748,0,8,0,33,0,0,1847,1859,33368,112,11,34,0,1
2025-11-12T09:58:05.572Z,2047,2048,0,28,0,34,0,0,2047,2045,0,1065,1,38,0,0,1747,1748,0,8,0,33,0,0,2347,1850,0,37,2,34,0,0
2025-11-12T09:58:05.672Z,2047,2048,0,28,0,34,0,0,2047,2045,0,1065,1,38,0,0,1747,1748,0,8,0,33,0,0,2347,1872,600,1174,16,34,0,1
2025-11-12T09:58:05.773Z,2047,2048,0,28,1,34,0,0,2047,2045,0,1065,1,38,0,0,1747,1748,0,8,0,33,0,0,2347,2010,1800,1399,36,34,0,1
2025-11-12T09:58:05.874Z,2047,2048,0,28,0,34,0,0,2047,2046,0,1052,0,38,0,0,1747,1748,0,8,0,33,0,0,2347,2222,1650,1370,34,34,0,1
2025-11-12T09:58:05.974Z,2047,2048,0,28,1,35,0,0,2047,2047,50,20,0,38,0,0,1747,1748,0,8,0,33,0,0,2347,2336,700,1111,7,34,0,1
